user_id,churn_score
AMZN_USR_46870,0.3317701153718817
AMZN_USR_46870,0.6622293748862651
AMZN_USR_46870,0.10425873139201058
AMZN_USR_46870,0.2967164629636657
AMZN_USR_46870,0.2632710682581716
